boksida,kapitel,kalla_pdf,pdf_sida,kallkvalitet,ar_fallback
2,EKOLOGI,Biologi-Stella-kapitel-1,1,extrapolated_right,nej
3,EKOLOGI,Biologi-Stella-kapitel-1,2,extrapolated_right,nej
4,EKOLOGI,Biologi-Stella-kapitel-1,3,extrapolated_right,nej
5,EKOLOGI,Biologi-Stella-kapitel-1,4,extrapolated_right,nej
6,EKOLOGI,Biologi-Stella-kapitel-1,5,extrapolated_right,nej
7,EKOLOGI,Biologi-Stella-kapitel-1,6,extrapolated_right,nej
8,EKOLOGI,Biologi-Stella-kapitel-1,7,extrapolated_right,nej
9,EKOLOGI,Biologi-Stella-kapitel-1,8,extrapolated_right,nej
10,EKOLOGI,Biologi-Stella-kapitel-1,9,extrapolated_right,nej
11,EKOLOGI,Biologi-Stella-kapitel-1,10,anchor,nej
12,EKOLOGI,Biologi-Stella-kapitel-1,11,extrapolated,nej
13,EKOLOGI,Biologi-Stella-kapitel-1,12,anchor,nej
14,EKOLOGI,Biologi-Stella-kapitel-1,13,extrapolated,nej
15,EKOLOGI,Biologi-Stella-kapitel-1,14,extrapolated,nej
16,EKOLOGI,Biologi-Stella-kapitel-1,15,extrapolated,nej
17,EKOLOGI,Biologi-Stella-kapitel-1,16,anchor,nej
18,EKOLOGI,Biologi-Stella-kapitel-1,17,extrapolated,nej
19,EKOLOGI,Biologi-Stella-kapitel-1,18,anchor,nej
20,EKOLOGI,Biologi-Stella-kapitel-1,19,extrapolated,nej
21,EKOLOGI,Biologi-Stella-kapitel-1,20,anchor,nej
22,EKOLOGI,Biologi-Stella-kapitel-1,21,extrapolated,nej
23,EKOLOGI,Biologi-Stella-kapitel-1,22,anchor,nej
24,EKOLOGI,Biologi-Stella-kapitel-1,23,extrapolated,nej
25,EKOLOGI,Biologi-Stella-kapitel-1,24,anchor,nej
26,EKOLOGI,Biologi-Stella-kapitel-1,25,extrapolated,nej
27,EKOLOGI,Biologi-Stella-kapitel-1,26,anchor,nej
28,EKOLOGI,Biologi-Stella-kapitel-1,27,extrapolated,nej
29,EKOLOGI,Biologi-Stella-kapitel-1,28,anchor,nej
30,EKOLOGI,Biologi-Stella-kapitel-1,29,extrapolated,nej
31,EKOLOGI,Biologi-Stella-kapitel-1,30,anchor,nej
32,EKOLOGI,Biologi-Stella-kapitel-1,31,extrapolated,nej
33,EKOLOGI,Biologi-Stella-kapitel-1,32,extrapolated,nej
34,EKOLOGI,Biologi-Stella-kapitel-1,33,extrapolated,nej
35,EKOLOGI,Biologi-Stella-kapitel-1,34,extrapolated,nej
36,EKOLOGI,Biologi-Stella-kapitel-1,35,extrapolated,nej
37,EKOLOGI,Biologi-Stella-kapitel-1,36,extrapolated,nej
38,EKOLOGI,Biologi-Stella-kapitel-1,37,extrapolated,nej
39,EKOLOGI,Biologi-Stella-kapitel-1,38,extrapolated,nej
40,EKOLOGI,Biologi-Stella-kapitel-1,39,extrapolated,nej
41,EKOLOGI,Biologi-Stella-kapitel-1,40,anchor,nej
42,EKOLOGI,Biologi-Stella-kapitel-1,41,extrapolated,nej
43,EKOLOGI,Biologi-Stella-kapitel-1,42,anchor,nej
44,EKOLOGI,Biologi-Stella-kapitel-1,43,extrapolated,nej
45,EKOLOGI,Biologi-Stella-kapitel-1,44,anchor,nej
46,EKOLOGI,Biologi-Stella-kapitel-1,45,extrapolated,nej
47,EKOLOGI,Biologi-Stella-kapitel-1,46,anchor,nej
48,EKOLOGI,Biologi-Stella-kapitel-1,47,extrapolated,nej
49,EKOLOGI,Biologi-Stella-kapitel-1,48,anchor,nej
50,EKOLOGI,Biologi-Stella-kapitel-1,49,extrapolated,nej
51,EKOLOGI,Biologi-Stella-kapitel-1,50,anchor,nej
52,EKOLOGI,Biologi-Stella-kapitel-1,51,extrapolated,nej
53,EKOLOGI,Biologi-Stella-kapitel-1,52,anchor,nej
54,EKOLOGI,Biologi-Stella-kapitel-1,53,extrapolated,nej
55,EKOLOGI,Biologi-Stella-kapitel-1,54,extrapolated,nej
56,EKOLOGI,Biologi-Stella-kapitel-1,55,extrapolated,nej
57,EKOLOGI,Biologi-Stella-kapitel-1,56,extrapolated,nej
58,EKOLOGI,Biologi-Stella-kapitel-1,57,extrapolated,nej
59,EKOLOGI,Biologi-Stella-kapitel-1,58,extrapolated,nej
60,EKOLOGI,Biologi-Stella-kapitel-1,59,extrapolated,nej
61,EKOLOGI,Biologi-Stella-kapitel-1,60,anchor,nej
62,EKOLOGI,Biologi-Stella-kapitel-1,61,extrapolated,nej
63,EKOLOGI,Biologi-Stella-kapitel-1,62,anchor,nej
64,EKOLOGI,Biologi-Stella-kapitel-1,63,extrapolated,nej
65,EKOLOGI,Biologi-Stella-kapitel-1,64,extrapolated,nej
66,EKOLOGI,Biologi-Stella-kapitel-1,65,extrapolated,nej
67,EKOLOGI,Biologi-Stella-kapitel-1,66,extrapolated,nej
68,EKOLOGI,Biologi-Stella-kapitel-1,67,extrapolated,nej
69,EKOLOGI,Biologi-Stella-kapitel-1,68,extrapolated,nej
70,EKOLOGI,Biologi-Stella-kapitel-1,69,extrapolated,nej
71,EKOLOGI,Biologi-Stella-kapitel-1,70,anchor,nej
72,EKOLOGI,Biologi-Stella-kapitel-1,71,extrapolated,nej
73,EKOLOGI,Biologi-Stella-kapitel-1,72,anchor,nej
74,EKOLOGI,Biologi-Stella-kapitel-1,73,extrapolated_left,nej
75,EKOLOGI,Biologi-Stella-kapitel-1,74,extrapolated_left,nej
76,EKOLOGI,Biologi-Stella-kapitel-1,75,extrapolated_left,nej
77,EKOLOGI,Biologi-Stella-kapitel-1,76,extrapolated_left,nej
78,MILJÖ OCH HÅLLBAR UTVECKLING,Stella-biolgi-kapitel-2,1,extrapolated_right,nej
79,MILJÖ OCH HÅLLBAR UTVECKLING,Stella-biolgi-kapitel-2,2,extrapolated_right,nej
80,MILJÖ OCH HÅLLBAR UTVECKLING,Stella-biolgi-kapitel-2,3,extrapolated_right,nej
81,MILJÖ OCH HÅLLBAR UTVECKLING,Stella-biolgi-kapitel-2,4,anchor,nej
82,MILJÖ OCH HÅLLBAR UTVECKLING,Stella-biolgi-kapitel-2,5,extrapolated,nej
83,MILJÖ OCH HÅLLBAR UTVECKLING,Stella-biolgi-kapitel-2,6,anchor,nej
84,MILJÖ OCH HÅLLBAR UTVECKLING,Stella-biolgi-kapitel-2,7,extrapolated,nej
85,MILJÖ OCH HÅLLBAR UTVECKLING,Stella-biolgi-kapitel-2,8,extrapolated,nej
86,MILJÖ OCH HÅLLBAR UTVECKLING,Stella-biolgi-kapitel-2,9,extrapolated,nej
87,MILJÖ OCH HÅLLBAR UTVECKLING,Stella-biolgi-kapitel-2,10,anchor,nej
88,MILJÖ OCH HÅLLBAR UTVECKLING,Stella-biolgi-kapitel-2,11,extrapolated,nej
89,MILJÖ OCH HÅLLBAR UTVECKLING,Stella-biolgi-kapitel-2,12,anchor,nej
113,MILJÖ OCH HÅLLBAR UTVECKLING,Stella-biolgi-kapitel-2,38,anchor,nej
114,MILJÖ OCH HÅLLBAR UTVECKLING,Stella-biolgi-kapitel-2,39,anchor,nej
115,MILJÖ OCH HÅLLBAR UTVECKLING,Stella-biolgi-kapitel-2,40,extrapolated,nej
116,MILJÖ OCH HÅLLBAR UTVECKLING,Stella-biolgi-kapitel-2,41,extrapolated,nej
117,MILJÖ OCH HÅLLBAR UTVECKLING,Stella-biolgi-kapitel-2,42,anchor,nej
118,MILJÖ OCH HÅLLBAR UTVECKLING,Stella-biolgi-kapitel-2,43,extrapolated,nej
119,MILJÖ OCH HÅLLBAR UTVECKLING,Stella-biolgi-kapitel-2,44,anchor,nej
120,MILJÖ OCH HÅLLBAR UTVECKLING,Stella-biolgi-kapitel-2,45,extrapolated,nej
121,MILJÖ OCH HÅLLBAR UTVECKLING,Stella-biolgi-kapitel-2,46,extrapolated,nej
122,MILJÖ OCH HÅLLBAR UTVECKLING,Stella-biolgi-kapitel-2,47,extrapolated,nej
123,MILJÖ OCH HÅLLBAR UTVECKLING,Stella-biolgi-kapitel-2,48,extrapolated,nej
124,MILJÖ OCH HÅLLBAR UTVECKLING,Stella-biolgi-kapitel-2,49,extrapolated,nej
125,MILJÖ OCH HÅLLBAR UTVECKLING,Stella-biolgi-kapitel-2,50,extrapolated,nej
126,MILJÖ OCH HÅLLBAR UTVECKLING,Stella-biolgi-kapitel-2,51,extrapolated,nej
127,MILJÖ OCH HÅLLBAR UTVECKLING,Stella-biolgi-kapitel-2,52,extrapolated,nej
128,MILJÖ OCH HÅLLBAR UTVECKLING,Stella-biolgi-kapitel-2,53,extrapolated,nej
129,MILJÖ OCH HÅLLBAR UTVECKLING,Stella-biolgi-kapitel-2,54,extrapolated,nej
130,MILJÖ OCH HÅLLBAR UTVECKLING,Stella-biolgi-kapitel-2,55,extrapolated,nej
131,MILJÖ OCH HÅLLBAR UTVECKLING,Stella-biolgi-kapitel-2,56,extrapolated,nej
132,MILJÖ OCH HÅLLBAR UTVECKLING,Stella-biolgi-kapitel-2,57,extrapolated,nej
133,MILJÖ OCH HÅLLBAR UTVECKLING,Stella-biolgi-kapitel-2,58,anchor,nej
134,MILJÖ OCH HÅLLBAR UTVECKLING,Stella-biolgi-kapitel-2,59,anchor,nej
135,MILJÖ OCH HÅLLBAR UTVECKLING,Stella-biolgi-kapitel-2,60,extrapolated,nej
136,MILJÖ OCH HÅLLBAR UTVECKLING,Stella-biolgi-kapitel-2,61,extrapolated,nej
137,MILJÖ OCH HÅLLBAR UTVECKLING,Stella-biolgi-kapitel-2,62,extrapolated,nej
138,MILJÖ OCH HÅLLBAR UTVECKLING,Stella-biolgi-kapitel-2,63,extrapolated,nej
139,MILJÖ OCH HÅLLBAR UTVECKLING,Stella-biolgi-kapitel-2,64,anchor,nej
140,MILJÖ OCH HÅLLBAR UTVECKLING,Stella-biolgi-kapitel-2,65,anchor,nej
141,MILJÖ OCH HÅLLBAR UTVECKLING,Stella-biolgi-kapitel-2,66,extrapolated_left,nej
145,MÄNNISKOKROPPEN,Biologi-del-1,62,anchor,nej
146,MÄNNISKOKROPPEN,Biologi-del-1,63,extrapolated,nej
147,MÄNNISKOKROPPEN,Biologi-del-1,64,anchor,nej
148,MÄNNISKOKROPPEN,Biologi-del-1,65,extrapolated,nej
149,MÄNNISKOKROPPEN,Biologi-del-1,66,anchor,nej
150,MÄNNISKOKROPPEN,Biologi-del-1,67,extrapolated,nej
151,MÄNNISKOKROPPEN,Biologi-del-1,68,extrapolated,nej
152,MÄNNISKOKROPPEN,Biologi-del-1,69,extrapolated,nej
153,MÄNNISKOKROPPEN,Biologi-del-1,70,extrapolated,nej
154,MÄNNISKOKROPPEN,Biologi-del-1,71,extrapolated,nej
155,MÄNNISKOKROPPEN,Biologi-del-1,72,extrapolated,nej
156,MÄNNISKOKROPPEN,Biologi-del-1,73,extrapolated,nej
157,MÄNNISKOKROPPEN,Biologi-del-1,74,extrapolated,nej
158,MÄNNISKOKROPPEN,Biologi-del-1,75,extrapolated,nej
159,MÄNNISKOKROPPEN,Biologi-del-1,76,extrapolated,nej
160,MÄNNISKOKROPPEN,Biologi-del-1,77,extrapolated,nej
161,MÄNNISKOKROPPEN,Biologi-del-1,78,anchor,nej
162,MÄNNISKOKROPPEN,Biologi-del-1,79,extrapolated,nej
163,MÄNNISKOKROPPEN,Biologi-del-1,80,anchor,nej
164,MÄNNISKOKROPPEN,Biologi-del-1,81,extrapolated,nej
165,MÄNNISKOKROPPEN,Biologi-del-1,82,anchor,nej
166,MÄNNISKOKROPPEN,Biologi-del-1,83,extrapolated,nej
167,MÄNNISKOKROPPEN,Biologi-del-1,84,anchor,nej
168,MÄNNISKOKROPPEN,Biologi-del-1,85,extrapolated,nej
169,MÄNNISKOKROPPEN,Biologi-del-1,86,extrapolated,nej
170,MÄNNISKOKROPPEN,Biologi-del-1,87,extrapolated,nej
171,MÄNNISKOKROPPEN,Biologi-del-1,88,anchor,nej
172,MÄNNISKOKROPPEN,Biologi-del-1,89,extrapolated,nej
173,MÄNNISKOKROPPEN,Biologi-del-1,90,anchor,nej
174,MÄNNISKOKROPPEN,Biologi-del-1,91,extrapolated,nej
175,MÄNNISKOKROPPEN,Biologi-del-1,92,anchor,nej
176,MÄNNISKOKROPPEN,Biologi-del-1,93,extrapolated,nej
177,MÄNNISKOKROPPEN,Biologi-del-1,94,anchor,nej
178,MÄNNISKOKROPPEN,Biologi-del-1,95,extrapolated,nej
179,MÄNNISKOKROPPEN,Biologi-del-1,96,anchor,nej
180,MÄNNISKOKROPPEN,Biologi-del-1,97,extrapolated,nej
181,MÄNNISKOKROPPEN,Biologi-del-1,98,anchor,nej
182,MÄNNISKOKROPPEN,Biologi-del-1,99,extrapolated_left,nej
183,MÄNNISKOKROPPEN,Biologi-del-1,100,extrapolated_left,nej
184,MÄNNISKOKROPPEN,Biologi-del-2,1,extrapolated_right,ja
185,MÄNNISKOKROPPEN,Biologi-del-2,2,anchor,ja
186,MÄNNISKOKROPPEN,Biologi-del-2,3,extrapolated,ja
187,MÄNNISKOKROPPEN,Biologi-del-2,4,anchor,ja
188,MÄNNISKOKROPPEN,Biologi-del-2,5,extrapolated,ja
189,MÄNNISKOKROPPEN,Biologi-del-2,6,anchor,ja
190,MÄNNISKOKROPPEN,Biologi-del-2,7,extrapolated,ja
191,MÄNNISKOKROPPEN,Biologi-del-2,8,anchor,ja
192,MÄNNISKOKROPPEN,Biologi-del-2,9,extrapolated,ja
193,MÄNNISKOKROPPEN,Biologi-del-2,10,anchor,ja
194,MÄNNISKOKROPPEN,Biologi-del-2,11,extrapolated,ja
195,MÄNNISKOKROPPEN,Biologi-del-2,12,extrapolated,ja
196,MÄNNISKOKROPPEN,Biologi-del-2,13,extrapolated,ja
197,MÄNNISKOKROPPEN,Biologi-del-2,14,anchor,ja
198,MÄNNISKOKROPPEN,Biologi-del-2,15,extrapolated,ja
199,MÄNNISKOKROPPEN,Biologi-del-2,16,anchor,ja
200,MÄNNISKOKROPPEN,Biologi-del-2,17,extrapolated,ja
201,MÄNNISKOKROPPEN,Biologi-del-2,18,anchor,ja
202,MÄNNISKOKROPPEN,Biologi-del-2,19,extrapolated,ja
203,MÄNNISKOKROPPEN,Biologi-del-2,20,extrapolated,ja
204,MÄNNISKOKROPPEN,Biologi-del-2,21,extrapolated,ja
205,MÄNNISKOKROPPEN,Biologi-del-2,22,extrapolated,ja
206,MÄNNISKOKROPPEN,Biologi-del-2,23,extrapolated,ja
207,MÄNNISKOKROPPEN,Biologi-del-2,24,extrapolated,ja
208,LIV OCH HÄLSA,Biologi-del-2,25,extrapolated,nej
209,LIV OCH HÄLSA,Biologi-del-2,26,extrapolated,nej
210,LIV OCH HÄLSA,Biologi-del-2,27,extrapolated,nej
211,LIV OCH HÄLSA,Biologi-del-2,28,extrapolated,nej
212,LIV OCH HÄLSA,Biologi-del-2,29,extrapolated,nej
213,LIV OCH HÄLSA,Biologi-del-2,30,anchor,nej
214,LIV OCH HÄLSA,Biologi-del-2,31,extrapolated,nej
215,LIV OCH HÄLSA,Biologi-del-2,32,anchor,nej
216,LIV OCH HÄLSA,Biologi-del-2,33,extrapolated,nej
217,LIV OCH HÄLSA,Biologi-del-2,34,anchor,nej
218,LIV OCH HÄLSA,Biologi-del-2,35,extrapolated,nej
219,LIV OCH HÄLSA,Biologi-del-2,36,anchor,nej
220,LIV OCH HÄLSA,Biologi-del-2,37,extrapolated,nej
221,LIV OCH HÄLSA,Biologi-del-2,38,anchor,nej
222,LIV OCH HÄLSA,Biologi-del-2,39,extrapolated,nej
223,LIV OCH HÄLSA,Biologi-del-2,40,anchor,nej
224,LIV OCH HÄLSA,Biologi-del-2,41,extrapolated,nej
225,LIV OCH HÄLSA,Biologi-del-2,42,anchor,nej
226,LIV OCH HÄLSA,Biologi-del-2,43,extrapolated,nej
227,LIV OCH HÄLSA,Biologi-del-2,44,extrapolated,nej
228,LIV OCH HÄLSA,Biologi-del-2,45,extrapolated,nej
229,LIV OCH HÄLSA,Biologi-del-2,46,anchor,nej
230,LIV OCH HÄLSA,Biologi-del-2,47,extrapolated,nej
231,LIV OCH HÄLSA,Biologi-del-2,48,anchor,nej
232,LIV OCH HÄLSA,Biologi-del-2,49,extrapolated,nej
233,LIV OCH HÄLSA,Biologi-del-2,50,anchor,nej
234,LIV OCH HÄLSA,Biologi-del-2,51,extrapolated,nej
235,LIV OCH HÄLSA,Biologi-del-2,52,anchor,nej
236,LIV OCH HÄLSA,Biologi-del-2,53,extrapolated,nej
237,LIV OCH HÄLSA,Biologi-del-2,54,anchor,nej
238,LIV OCH HÄLSA,Biologi-del-2,55,extrapolated,nej
239,LIV OCH HÄLSA,Biologi-del-2,56,anchor,nej
240,LIV OCH HÄLSA,Biologi-del-2,57,extrapolated,nej
241,LIV OCH HÄLSA,Biologi-del-2,58,anchor,nej
242,LIV OCH HÄLSA,Biologi-del-2,59,extrapolated,nej
243,LIV OCH HÄLSA,Biologi-del-2,60,anchor,nej
244,LIV OCH HÄLSA,Biologi-del-2,61,extrapolated,nej
245,LIV OCH HÄLSA,Biologi-del-2,62,extrapolated,nej
246,LIV OCH HÄLSA,Biologi-del-2,63,extrapolated,nej
247,LIV OCH HÄLSA,Biologi-del-2,64,anchor,nej
248,LIV OCH HÄLSA,Biologi-del-2,65,extrapolated,nej
249,LIV OCH HÄLSA,Biologi-del-2,66,anchor,nej
250,LIV OCH HÄLSA,Biologi-del-2,67,extrapolated,nej
251,LIV OCH HÄLSA,Biologi-del-2,68,extrapolated,nej
252,LIV OCH HÄLSA,Biologi-del-2,69,extrapolated,nej
253,LIV OCH HÄLSA,Biologi-del-2,70,anchor,nej
254,LIV OCH HÄLSA,Biologi-del-2,71,extrapolated,nej
255,LIV OCH HÄLSA,Biologi-del-2,72,anchor,nej
256,LIV OCH HÄLSA,Biologi-del-2,73,extrapolated,nej
257,LIV OCH HÄLSA,Biologi-del-2,74,anchor,nej
258,LIV OCH HÄLSA,Biologi-del-2,75,extrapolated,nej
259,LIV OCH HÄLSA,Biologi-del-2,76,anchor,nej
260,LIV OCH HÄLSA,Biologi-del-2,77,extrapolated,nej
261,LIV OCH HÄLSA,Biologi-del-2,78,extrapolated,nej
262,LIV OCH HÄLSA,Biologi-del-2,79,anchor,nej
263,LIV OCH HÄLSA,Biologi-del-2,80,anchor,nej
264,GENETIK OCH GENTEKNIK,Biologi-del-3,1,extrapolated_right,nej
265,GENETIK OCH GENTEKNIK,Biologi-del-3,2,anchor,nej
266,GENETIK OCH GENTEKNIK,Biologi-del-3,3,extrapolated,nej
267,GENETIK OCH GENTEKNIK,Biologi-del-3,4,anchor,nej
268,GENETIK OCH GENTEKNIK,Biologi-del-3,5,extrapolated,nej
269,GENETIK OCH GENTEKNIK,Biologi-del-3,6,anchor,nej
270,GENETIK OCH GENTEKNIK,Biologi-del-3,7,extrapolated,nej
271,GENETIK OCH GENTEKNIK,Biologi-del-3,8,anchor,nej
272,GENETIK OCH GENTEKNIK,Biologi-del-3,9,extrapolated,nej
273,GENETIK OCH GENTEKNIK,Biologi-del-3,10,anchor,nej
274,GENETIK OCH GENTEKNIK,Biologi-del-3,11,extrapolated,nej
275,GENETIK OCH GENTEKNIK,Biologi-del-3,12,anchor,nej
276,GENETIK OCH GENTEKNIK,Biologi-del-3,13,extrapolated,nej
277,GENETIK OCH GENTEKNIK,Biologi-del-3,14,extrapolated,nej
278,GENETIK OCH GENTEKNIK,Biologi-del-3,15,extrapolated,nej
279,GENETIK OCH GENTEKNIK,Biologi-del-3,16,extrapolated,nej
280,GENETIK OCH GENTEKNIK,Biologi-del-3,17,extrapolated,nej
281,GENETIK OCH GENTEKNIK,Biologi-del-3,18,extrapolated,nej
282,GENETIK OCH GENTEKNIK,Biologi-del-3,19,extrapolated,nej
283,GENETIK OCH GENTEKNIK,Biologi-del-3,20,extrapolated,nej
284,GENETIK OCH GENTEKNIK,Biologi-del-3,21,extrapolated,nej
285,GENETIK OCH GENTEKNIK,Biologi-del-3,22,anchor,nej
286,GENETIK OCH GENTEKNIK,Biologi-del-3,23,extrapolated,nej
287,GENETIK OCH GENTEKNIK,Biologi-del-3,24,anchor,nej
288,GENETIK OCH GENTEKNIK,Biologi-del-3,25,extrapolated,nej
289,GENETIK OCH GENTEKNIK,Biologi-del-3,26,anchor,nej
290,GENETIK OCH GENTEKNIK,Biologi-del-3,27,extrapolated,nej
291,GENETIK OCH GENTEKNIK,Biologi-del-3,28,anchor,nej
292,GENETIK OCH GENTEKNIK,Biologi-del-3,29,extrapolated,nej
293,GENETIK OCH GENTEKNIK,Biologi-del-3,30,anchor,nej
294,GENETIK OCH GENTEKNIK,Biologi-del-3,31,extrapolated,nej
295,GENETIK OCH GENTEKNIK,Biologi-del-3,32,extrapolated,nej
296,GENETIK OCH GENTEKNIK,Biologi-del-3,33,extrapolated,nej
297,GENETIK OCH GENTEKNIK,Biologi-del-3,34,extrapolated,nej
298,GENETIK OCH GENTEKNIK,Biologi-del-3,35,extrapolated,nej
299,GENETIK OCH GENTEKNIK,Biologi-del-3,36,anchor,nej
300,GENETIK OCH GENTEKNIK,Biologi-del-3,37,extrapolated,nej
301,GENETIK OCH GENTEKNIK,Biologi-del-3,38,anchor,nej
302,GENETIK OCH GENTEKNIK,Biologi-del-3,39,extrapolated,nej
303,GENETIK OCH GENTEKNIK,Biologi-del-3,40,anchor,nej
304,GENETIK OCH GENTEKNIK,Biologi-del-3,43,extrapolated,nej
305,GENETIK OCH GENTEKNIK,Biologi-del-3,44,anchor,nej
306,GENETIK OCH GENTEKNIK,Biologi-del-3,45,extrapolated,nej
307,GENETIK OCH GENTEKNIK,Biologi-del-3,46,extrapolated,nej
308,GENETIK OCH GENTEKNIK,Biologi-del-3,47,extrapolated,nej
309,GENETIK OCH GENTEKNIK,Biologi-del-3,48,extrapolated,nej
310,GENETIK OCH GENTEKNIK,Biologi-del-3,49,anchor,nej
311,GENETIK OCH GENTEKNIK,Biologi-del-3,50,anchor,nej
312,GENETIK OCH GENTEKNIK,Biologi-del-3,51,extrapolated,nej
313,GENETIK OCH GENTEKNIK,Biologi-del-3,52,anchor,nej
314,GENETIK OCH GENTEKNIK,Biologi-del-3,53,extrapolated,nej
315,GENETIK OCH GENTEKNIK,Biologi-del-3,54,anchor,nej
316,GENETIK OCH GENTEKNIK,Biologi-del-3,55,extrapolated,nej
317,GENETIK OCH GENTEKNIK,Biologi-del-3,56,extrapolated,nej
318,GENETIK OCH GENTEKNIK,Biologi-del-3,57,extrapolated,nej
319,GENETIK OCH GENTEKNIK,Biologi-del-3,58,extrapolated,nej
320,GENETIK OCH GENTEKNIK,Biologi-del-3,59,extrapolated,nej
321,GENETIK OCH GENTEKNIK,Biologi-del-3,60,extrapolated,nej
322,GENETIK OCH GENTEKNIK,Biologi-del-3,61,extrapolated,nej
323,GENETIK OCH GENTEKNIK,Biologi-del-3,62,extrapolated,nej
324,GENETIK OCH GENTEKNIK,Biologi-del-3,63,extrapolated,nej
325,GENETIK OCH GENTEKNIK,Biologi-del-3,64,extrapolated,nej
326,GENETIK OCH GENTEKNIK,Biologi-del-3,65,extrapolated,nej
327,GENETIK OCH GENTEKNIK,Biologi-del-3,66,extrapolated,nej
328,EVOLUTION,Biologi-del-3,67,extrapolated,nej
329,EVOLUTION,Biologi-del-3,68,extrapolated,nej
330,EVOLUTION,Biologi-del-3,69,extrapolated,nej
331,EVOLUTION,Biologi-del-3,70,extrapolated,nej
332,EVOLUTION,Biologi-del-3,71,extrapolated,nej
333,EVOLUTION,Biologi-del-3,72,anchor,nej
334,EVOLUTION,Biologi-del-3,73,extrapolated,nej
335,EVOLUTION,Biologi-del-3,74,anchor,nej
336,EVOLUTION,Biologi-del-3,75,extrapolated,nej
337,EVOLUTION,Biologi-del-3,76,extrapolated,nej
338,EVOLUTION,Biologi-del-3,77,extrapolated,nej
339,EVOLUTION,Biologi-del-3,78,extrapolated,nej
340,EVOLUTION,Biologi-del-3,79,extrapolated,nej
341,EVOLUTION,Biologi-del-3,80,anchor,nej
342,EVOLUTION,Biologi-del-3,81,extrapolated,nej
343,EVOLUTION,Biologi-del-3,82,anchor,nej
344,EVOLUTION,Biologi-del-3,83,extrapolated,nej
345,EVOLUTION,Biologi-del-3,84,extrapolated,nej
346,EVOLUTION,Biologi-del-3,85,extrapolated,nej
347,EVOLUTION,Biologi-del-3,86,extrapolated,nej
348,EVOLUTION,Biologi-del-3,87,extrapolated,nej
349,EVOLUTION,Biologi-del-3,88,extrapolated,nej
350,EVOLUTION,Biologi-del-3,89,extrapolated,nej
351,EVOLUTION,Biologi-del-3,90,anchor,nej
352,EVOLUTION,Biologi-del-3,91,extrapolated,nej
353,EVOLUTION,Biologi-del-3,92,anchor,nej
354,EVOLUTION,Biologi-del-3,93,extrapolated_left,nej
355,EVOLUTION,Biologi-del-3,94,extrapolated_left,nej
356,EVOLUTION,Biologi-del-3,95,extrapolated_left,nej
357,EVOLUTION,Biologi-del-3,96,extrapolated_left,nej
358,EVOLUTION,Biologi-del-3,97,extrapolated_left,nej
359,EVOLUTION,Biologi-del-3,98,extrapolated_left,nej
360,EVOLUTION,Biologi-del-3,99,extrapolated_left,nej
361,EVOLUTION,Biologi-del-3,100,extrapolated_left,nej
